Workbook
Name adjcov: 'Q4'!$J$4:$L$6
Name aversion: 'Q4'!$B$8
Name Covariance: 'Q4'!$B$4:$D$6
Name diagomega: 'Q4'!$K$14:$L$15
Name eqweights: 'Q4'!$F$4:$F$6
Name MktVar: 'Q4'!$B$10
Name Omega: 'Q4'!$H$14:$I$15
Name optweights: 'Q4'!$B$30:$B$32
Name postdist: 'Q4'!$D$21:$F$23
Name postret: 'Q4'!$B$21:$B$23
Name prior: 'Q4'!$G$4:$G$6
Name priorconf: 'Q4'!$N$14:$O$15
Name priorom: 'Q4'!$N$14:$O$15
Name tau: 'Q4'!$B$9
Name tau_omega: 'Q4'!$H$16
Name ViewP: 'Q4'!$B$14:$D$15
Name ViewQ: 'Q4'!$F$14:$F$15
Name xxxx: 'Q4'!#REF!

Sheet excess return data
A1: YearM | B1: T-Bill | C1: US Equity | D1: Foreign EQ | E1: Emerging EQ
A2: 199001 | B2: 0 | C2: -0.0785 | D2: -0.04270585 | E2: 0.027203087
A3: 199002 | B3: 0 | C3: 0.0111 | D3: -0.075282883 | E3: 0.033518964
A4: 199003 | B4: 0 | C4: 0.0183 | D4: -0.11037102 | E4: -0.14169535
A5: 199004 | B5: 0 | C5: -0.0336 | D5: -0.014570133 | E5: 0.065239489
A6: 199005 | B6: 0 | C6: 0.0842 | D6: 0.10760676 | E6: 0.075338597
A7: 199006 | B7: 0 | C7: -0.0109 | D7: -0.014868143 | E7: 0.028254638
A8: 199007 | B8: 0 | C8: -0.019 | D8: 0.007544081 | E8: 0.08137421
A9: 199008 | B9: 0 | C9: -0.1015 | D9: -0.10343761 | E9: -0.1341798
A10: 199009 | B10: 0 | C10: -0.0612 | D10: -0.14507321 | E10: -0.13369431
A11: 199010 | B11: 0 | C11: -0.0192 | D11: 0.14933992 | E11: -0.025366262
A12: 199011 | B12: 0 | C12: 0.0635 | D12: -0.064403238 | E12: -0.057885189
A13: 199012 | B13: 0 | C13: 0.0246 | D13: 0.010589295 | E13: 0.036262093
... A325: 201612 | B325: 0 | C325: 0.0182 | D325: 0.034083274 | E325: 0.002599726

Sheet Q4
A1: Prior
A2: Covariance Matrix | J2: Covariance*tau
B3: US Equity | C3: Foreign Equity | D3: Emerging Equity | F3: Market Weights | G3: Prior Returns | J3: US Equity | K3: Foreign Equity | L3: Emerging Equity
A4: US Equity | B4: =_xlfn.COVARIANCE.S('excess return data'!$C$2:$C$325,'excess return data'!C2:C325) -> 0.0018456618 | C4: =_xlfn.COVARIANCE.S('excess return data'!$C$2:$C$325,'excess return data'!D2:D325) -> 0.0015985994 | D4: =_xlfn.COVARIANCE.S('excess return data'!$C$2:$C$325,'excess return data'!E2:E325) -> 0.0020310012 | F4: 0.5 | G4: {=aversion*MMULT(Covariance,eqweights)} -> 0.0052961124 | I4: US Equity | J4: {=B9*Covariance} -> 0.00018456618 | K4: 0.00015985994 | L4: 0.00020310012
A5: Foreign Equity | B5: =_xlfn.COVARIANCE.S('excess return data'!$D$2:$D$325,'excess return data'!C2:C325) -> 0.0015985994 | C5: =_xlfn.COVARIANCE.S('excess return data'!$D$2:$D$325,'excess return data'!D2:D325) -> 0.0024380334 | D5: =_xlfn.COVARIANCE.S('excess return data'!$D$2:$D$325,'excess return data'!E2:E325) -> 0.0023930703 | F5: 0.4 | G5: 0.0060414602 | I5: Foreign Equity | J5: 0.00015985994 | K5: 0.00024380334 | L5: 0.00023930703
A6: Emerging Equity | B6: =_xlfn.COVARIANCE.S('excess return data'!$E$2:$E$325,'excess return data'!C$2:C$325) -> 0.0020310012 | C6: =_xlfn.COVARIANCE.S('excess return data'!$E$2:$E$325,'excess return data'!D$2:D$325) -> 0.0023930703 | D6: =_xlfn.COVARIANCE.S('excess return data'!$E$2:$E$325,'excess return data'!E$2:E$325) -> 0.0043834233 | F6: 0.1 | G6: 0.0072332132 | I6: Emerging Equity | J6: 0.00020310012 | K6: 0.00023930703 | L6: 0.00043834233
F7: Weights based on mkt cap | G7: =aversion*MMULT(Covariance,eqweights)
A8: Risk Aversion | B8: 3 | D8: Market Exp. Excess Return | E8: =aversion*MktVar -> 0.0057879616 | F8: =aversion*Market Variance | J8: {=MMULT(TRANSPOSE(eqweights),prior)} -> 0.0057879616
A9: Tau (scales covar.) | B9: 0.1 | D9: Std. Dev. | E9: {=SQRT(MMULT(MMULT(TRANSPOSE(eqweights),Covariance),eqweights))} -> 0.043924031 | F9: =sqrt(Market Variance)
A10: Market Variance | B10: {=MMULT(TRANSPOSE(eqweights),MMULT(Covariance,eqweights))} -> 0.0019293205 | D10: Sharpe Ratio | E10: =E8/E9 -> 0.13177209
A11: Views
N12: Prior Precision of Views
A13: P | B13: US Equity | C13: Foreign Equity | D13: Emerging Equity | F13: Q | H13: Omega | K13: Diagonalized Omega | N13: P(tau*Cov)transpose(P) labeled priorconf
A14: View1 | B14: 1 | C14: -1 | D14: 0 | F14: 0.02 | H14: {=tau_omega*MMULT(ViewP,MMULT(Covariance,TRANSPOSE(ViewP)))} -> 0.00010864964 | I14: -3.6206914e-05 | K14: =H14 -> 0.00010864964 | L14: 0 | N14: {=MMULT(ViewP,MMULT(tau*Covariance,TRANSPOSE(ViewP)))} -> 0.00010864964 | O14: -3.6206914e-05
A15: View2 | B15: 0 | C15: 0 | D15: 1 | F15: 0.015 | H15: -3.6206914e-05 | I15: 0.00043834233 | K15: 0 | L15: =I15 -> 0.00043834233 | N15: -3.6206914e-05 | O15: 0.00043834233
G16: tau_omega | H16: =tau/H17 -> 0.1
G17: Relative Confidence | H17: 1 | I17: How much more confident are you in your view than the prior? (Confidence in your view / Confidence in prior)
A18: Posterior Estimates
B20: Posterior Returns | E20: Posterior Return Distribution
A21: US Equity | B21: {=prior+MMULT(MMULT(adjcov,MMULT(TRANSPOSE(ViewP),MINVERSE(priorconf+Omega))),ViewQ-MMULT(ViewP,prior))} -> 0.01129373 | D21: {=Covariance+(adjcov-MMULT(MMULT(MMULT(adjcov,TRANSPOSE(ViewP)),MINVERSE(priorconf+Omega)),MMULT(ViewP,adjcov)))} -> 0.0019750331 | E21: 0.0017156175 | F21: 0.0021325513 | J21: =G4+(F14-G4)*(H17/(H17+1)) -> 0.012648056
A22: Foreign Equity | B22: 0.0016664035 | D22: 0.0017156175 | E22: 0.0025970232 | F22: 0.0025127239
A23: Emerging Equity | B23: 0.011116607 | D23: 0.0021325513 | E23: 0.0025127239 | F23: 0.0046025945
A27: Portfolio Optimization
B29: Weights | D29: Expected Return | E29: {=MMULT(TRANSPOSE(B21:B23),B30:B32)} -> 0.029743757 | H29: Unconstrained Optimization using Matrices | K29: Sum
A30: US Equity | B30: 2.4777177 | D30: Variance | E30: {=MMULT(MMULT(TRANSPOSE(optweights),postdist),optweights)} -> 0.006701891 | H30: {=MMULT(TRANSPOSE(postret),MINVERSE(B8*postdist))} -> 3.6654507 | I30: -2.8472688 | J30: 0.66118674 | K30: =SUM(H30:J30) -> 1.4793686
A31: Foreign Equity | B31: -1.9246454 | D31: Std. Dev. | E31: =SQRT(E30) -> 0.081865078 | H31: Weight constrained to 1
A32: Emerging Equity | B32: 0.4469277 | D32: Sharpe Ratio | E32: =E29/E31 -> 0.36332656 | H32: =H30/K30 -> 2.477713 | I32: =I30/K30 -> -1.9246514 | J32: =J30/K30 -> 0.44693848 | K32: =SUM(H32:J32) -> 1
A34: Sum of Weights | B34: =SUM(optweights) -> 1

Sheet Q3
F1: Covariance Matrix
A2: Risk Aversion | B2: 3 | G2: S&P | H2: Hedge
A3: Correlation | B3: 0 | C3: (a) | F3: S&P | G3: =B6^2 -> 0.04 | H3: =B10 -> 0
A4: Correlation (part c) | B4: 0.3 | C4: =B5/B6 -> 0.25 | D4: Sharpe (S&P) | F4: Hedge | G4: =B10 -> 0 | H4: =B8^2 -> 0.1225
A5: S&P 500 Risk Premium | B5: 0.05 | C5: =B7/B8 -> 0.28571429 | D5: Sharpe (Hedge)
A6: S&P 500 Std Dev | B6: 0.2
A7: Hedge Fund Risk Premium | B7: 0.1
A8: Hedge Fund Std Dev | B8: 0.35
A10: Covariance (S&P, Hedge) | B10: =B3*B6*B8 -> 0 | E10: Covariance (S&P, Hedge) | F10: =B4*B6*B8 -> 0.021 | G10: (c)(i)
A13: Weight (S&P) | B13: =(B5/B6^2)/((B5/B6^2)+(B7/B8^2)) -> 0.60493827 | C13: (b)(i) | E13: Weight (S&P) | F13: =(B8^2*$B$5 - $B$4*B6*B8*$B$7) / ((B8^2*$B$5 - $B$4*B6*B8*$B$7) + (B6^2*$B$7 - $B$4*B6*B8*$B$5)) -> 0.57706093 | G13: (c)(ii) | I13: As correlation rises from 0 to 0.3, the diversification benefit between the S&P 500 and the hedge fund decreases, causing portfolio risk to increase and the Sharpe ratio to fall. Consequently, Greta invests a smaller portion of her wealth in the risky portfolio (68.9% to 52.1%), reflecting a more conservative optimal strategy.
A14: Weight (Hedge) | B14: =1-B13 -> 0.39506173 | E14: Weight (Hedge) | F14: =1-F13 -> 0.42293907
A16: Portfolio Mean | B16: =B13*B5 + B14*B7 -> 0.069753086 | E16: Portfolio Mean | F16: =F13*B5 + F14*B7 -> 0.071146953
A17: Portfolio Var | B17: =B13^2*B6^2 + B14^2*B8^2 + 2*B13*B14*B10 -> 0.033757049 | E17: Portfolio Var | F17: =F13^2*B6^2 + F14^2*B8^2 + 2*F13*F14*F10 -> 0.045483049
A18: Portfolio Stdev | B18: =SQRT(B17) -> 0.18373092 | E18: Portfolio Stdev | F18: =SQRT(F17) -> 0.21326755
A19: Sharpe (Portfolio) | B19: =B16/B18 -> 0.37964806 | E19: Sharpe (Portfolio) | F19: =F16/F18 -> 0.33360421
A21: Risky Asset Share | B21: =B16/(B2*B17) -> 0.68877551 | C21: (b)(ii) | E21: Risky Asset Share | F21: =F16/(B2*F17) -> 0.52141736
A22: Risk-Free Share | B22: =1-B21 -> 0.31122449 | E22: Risk-Free Share | F22: =1-F21 -> 0.47858264

Sheet Q2
F1: w
A2: T-bill rate | B2: 0.02 | G2: Expected Return | H2: Std Dev | I2: (d)
A3: Expected return of risky fund | B3: 0.12 | F3: 0 | G3: =$B$2+$B$3*0 -> 0.02 | H3: =0*$B$4 -> 0
A4: Std dev of risky fund | B4: 0.28 | F4: 0.5 | G4: =$B$2+(0.5)*($B$3-$B$2) -> 0.07 | H4: =0.5*$B$4 -> 0.14
A5: Client share in risky fund | B5: 0.7 | F5: 0.7 | G5: =B8 -> 0.09 | H5: =B9 -> 0.196
A6: Client share in T-bills | B6: =1-B5 -> 0.3 | F6: 1 | G6: =$B$2+(1)*($B$3-$B$2) -> 0.12 | H6: =1*$B$4 -> 0.28
A8: Expected return (client) | B8: =B5*B3 + B6*B2 -> 0.09 | C8: (a) | F8: Slope of CAL | G8: =(B3-B2)/B4 -> 0.35714286
A9: Std dev (client) | B9: =B5*B4 -> 0.196
D10: (b)
A11: Stock A share (in risky fund) | B11: 0.25 | C11: =B5*B11 -> 0.175 | D11: Client % in A
A12: Stock B share (in risky fund) | B12: 0.32 | C12: =B5*B12 -> 0.224 | D12: Client % in B
A13: Stock C share (in risky fund) | B13: 0.43 | C13: =B5*B13 -> 0.301 | D13: Client % in C
C14: =B6 -> 0.3 | D14: Client % in T-bills
C15: =SUM(C11:C14) -> 1
A17: Sharpe (risky fund) | B17: =(B3-B2)/B4 -> 0.35714286 | C17: (c)
A18: Sharpe (client) | B18: =(B8-B2)/B9 -> 0.35714286

Sheet Q1
H1: Portfolio Choice Summary
A2: Risk-free rate | B2: 0.02 | H2: Investor | I2: Risk Aversion | J2: Best Portfolio | K2: Max Utility
A3: Risk aversion (Investor 1) | B3: 2 | H3: 1 | I3: 2 | J3: =INDEX($A$8:$A$10, MATCH(MAX(B$13:B$15), B$13:B$15, 0)) -> H | K3: =MAX(B13:B15) -> 0.06
A4: Risk aversion (Investor 2) | B4: 3.5 | H4: 2 | I4: 3.5 | J4: =INDEX($A$8:$A$10, MATCH(MAX(C13:C15), C13:C15, 0)) -> M | K4: =MAX(C13:C15) -> 0.0425
A5: Risk aversion (Investor 3) | B5: 5 | H5: 3 | I5: 5 | J5: =INDEX($A$8:$A$10, MATCH(MAX(D13:D15), D13:D15, 0)) -> M | K5: =MAX(D13:D15) -> 0.035
B7: Expected Return | C7: Std Dev | D7: Excess Return | E7: Variance
A8: L | B8: 0.04 | C8: 0.05 | D8: =B8-$B$2 -> 0.02 | E8: =C8^2 -> 0.0025
A9: M | B9: 0.06 | C9: 0.1 | D9: =B9-$B$2 -> 0.04 | E9: =C9^2 -> 0.01
A10: H | B10: 0.1 | C10: 0.2 | D10: =B10-$B$2 -> 0.08 | E10: =C10^2 -> 0.04
B12: U1 (A=2) | C12: U1 (A=3.5) | D12: U1 (A=5)
A13: L | B13: =B8 - 0.5*$B$3*C8^2 -> 0.0375 | C13: =B8 - 0.5*$B$4*C8^2 -> 0.035625 | D13: =B8 - 0.5*$B$5*C8^2 -> 0.03375
A14: M | B14: =B9 - 0.5*$B$3*C9^2 -> 0.05 | C14: =B9 - 0.5*$B$4*C9^2 -> 0.0425 | D14: =B9 - 0.5*$B$5*C9^2 -> 0.035
A15: H | B15: =B10 - 0.5*$B$3*C10^2 -> 0.06 | C15: =B10 - 0.5*$B$4*C10^2 -> 0.03 | D15: =B10 - 0.5*$B$5*C10^2 -> 0
H17: Higher risk aversion reduces utility more sharply for risky portfolios. Investor 1 (least risk-averse) prefers H, while Investors 2 and 3 shift toward M as risk aversion rises, avoiding the highly volatile H portfolio.
